{
  "mean_reprojection_error": 4.2921393,
  "per_image_errors": {
    "checkerboard_001.jpg": 4.264443,
    "checkerboard_002.jpg": 4.409709,
    "checkerboard_003.jpg": 6.128317,
    "checkerboard_006.jpg": 6.524928,
    "checkerboard_007.jpg": 4.147122,
    "checkerboard_009.jpg": 3.527237,
    "checkerboard_011.jpg": 6.216318,
    "checkerboard_013.jpg": 2.761264,
    "checkerboard_014.jpg": 3.182092,
    "checkerboard_015.jpg": 1.759963
  }
}